local_path,source_branch,source_commit,source_path,sha256
src/il_data_tools/.gitattributes,main,0ae216c6255e25404560948f3e6d5479a7a7ba8f,src/il_data_tools/.gitattributes,13672f195b4c1a26ef53f597ff72b801fa545c9644e3a6d17d3b3a8009255401
src/il_data_tools/config/real_reference_profile_20260715.json,main,0ae216c6255e25404560948f3e6d5479a7a7ba8f,src/il_data_tools/config/real_reference_profile_20260715.json,a1cc45eeec5b7a932e1602598d2003ef1e7a4eba1a49b105aa428063bf4aa648
src/il_data_tools/il_data_tools/__init__.py,main,0ae216c6255e25404560948f3e6d5479a7a7ba8f,src/il_data_tools/il_data_tools/__init__.py,fcea40c0a3a0bcfc2c51d86b8fad2afaa83c27bd320cf68494dc96a7c3cb2c43
src/il_data_tools/il_data_tools/canonical_artifact_node.py,main,0ae216c6255e25404560948f3e6d5479a7a7ba8f,src/il_data_tools/il_data_tools/canonical_artifact_node.py,d7d4338a879758427e473638c1e629a6b18d1d6e348754e438e1386bff458c6a
src/il_data_tools/il_data_tools/canonical_artifacts.py,main,0ae216c6255e25404560948f3e6d5479a7a7ba8f,src/il_data_tools/il_data_tools/canonical_artifacts.py,b8aab64e4de7c4c0d9291aa1263c7256b510d00601ef5ae8c7fd0072c1f0fa9d
src/il_data_tools/il_data_tools/canonical_dataset_converter.py,main,0ae216c6255e25404560948f3e6d5479a7a7ba8f,src/il_data_tools/il_data_tools/canonical_dataset_converter.py,fe9a24d2f67f7b50864f5f3b8ee6733c2c98212d65ac7861fb7436e000c69dbc
src/il_data_tools/il_data_tools/canonical_pipeline.py,main,0ae216c6255e25404560948f3e6d5479a7a7ba8f,src/il_data_tools/il_data_tools/canonical_pipeline.py,e538a3b604526fa2d4ed3a1bb77de408c6a6e8cdba3e88dbbe011a3c2b13c5e8
src/il_data_tools/il_data_tools/common_recorder_node.py,main,0ae216c6255e25404560948f3e6d5479a7a7ba8f,src/il_data_tools/il_data_tools/common_recorder_node.py,e55c5d020f590f66054fb4d4a25dbf47d6b63d0c4c09df1abba5fae7b0ebbee3
src/il_data_tools/il_data_tools/dataset_builder_common.py,main,0ae216c6255e25404560948f3e6d5479a7a7ba8f,src/il_data_tools/il_data_tools/dataset_builder_common.py,b88ba7f18af69784214a77eb58f90a55e6d84e0c0db64444d57f43aeeb2740fc
src/il_data_tools/il_data_tools/domain_randomization.py,main,0ae216c6255e25404560948f3e6d5479a7a7ba8f,src/il_data_tools/il_data_tools/domain_randomization.py,3543858eeae25094ec68a33bc42f3d314c8d80f4a4951829d4a49dd54be9d278
src/il_data_tools/il_data_tools/mission_labeler_node.py,main,0ae216c6255e25404560948f3e6d5479a7a7ba8f,src/il_data_tools/il_data_tools/mission_labeler_node.py,5d2b0a7268ded00d7647212c255002c31089af818add064d0e525e4270932093
src/il_data_tools/il_data_tools/policy_inference_node.py,main,0ae216c6255e25404560948f3e6d5479a7a7ba8f,src/il_data_tools/il_data_tools/policy_inference_node.py,7b15f517ed6ba4299d349b6a227f10fbd5bd4db834c7cac445c500cec16310f2
src/il_data_tools/il_data_tools/randomized_batch_collector.py,main,0ae216c6255e25404560948f3e6d5479a7a7ba8f,src/il_data_tools/il_data_tools/randomized_batch_collector.py,89bfa009ee27e06500f107f45a1bfd9b14e6cb17ad5abd9495305bb6ee857823
src/il_data_tools/il_data_tools/record_schema.py,main,0ae216c6255e25404560948f3e6d5479a7a7ba8f,src/il_data_tools/il_data_tools/record_schema.py,a302ba2c2ab976da841aed77a94994696bbc0ae7e331843e1d498ad9fa23044f
src/il_data_tools/il_data_tools/recorder_state.py,main,0ae216c6255e25404560948f3e6d5479a7a7ba8f,src/il_data_tools/il_data_tools/recorder_state.py,11772260a0957f11e98ba21a3914e6ac87d9984fcf8458111ab235b94e235674
src/il_data_tools/il_data_tools/recovery_scenario_manager.py,main,0ae216c6255e25404560948f3e6d5479a7a7ba8f,src/il_data_tools/il_data_tools/recovery_scenario_manager.py,4daec3e1476f40109152d3718050bd9dad9511296138060f6aeccc76f3f7f2be
src/il_data_tools/il_data_tools/runtime_preprocessing.py,main,0ae216c6255e25404560948f3e6d5479a7a7ba8f,src/il_data_tools/il_data_tools/runtime_preprocessing.py,7faf3fc7a581cb99cb1863a67ec3c2fa2ac45ec3877620567894a0643cbe2db2
src/il_data_tools/il_data_tools/sync_buffer.py,main,0ae216c6255e25404560948f3e6d5479a7a7ba8f,src/il_data_tools/il_data_tools/sync_buffer.py,1045a6331f368df7930328bc74d67d045131ef861ed78f7ca9cf56cc1a386268
src/il_data_tools/il_data_tools/train_from_raw_dataset.py,main,0ae216c6255e25404560948f3e6d5479a7a7ba8f,src/il_data_tools/il_data_tools/train_from_raw_dataset.py,ae3ba511308958dbb49e5bb964d419bfbf584f6581e4d31028a8a58a474310c0
src/il_data_tools/launch/collect_randomized_sim_dataset.launch.py,main,0ae216c6255e25404560948f3e6d5479a7a7ba8f,src/il_data_tools/launch/collect_randomized_sim_dataset.launch.py,2a5272d3556ab5c1b635fca1e025a86c892662b19a3fe61431dd18c5076e749a
src/il_data_tools/launch/collect_sim_canonical_drive_dataset.launch.py,main,0ae216c6255e25404560948f3e6d5479a7a7ba8f,src/il_data_tools/launch/collect_sim_canonical_drive_dataset.launch.py,e0971b9a2d7d2509b744cdd630cd6e97279a061298c1b7eb5d4666a6b845bd05
src/il_data_tools/launch/collect_sim_drive_dataset.launch.py,main,0ae216c6255e25404560948f3e6d5479a7a7ba8f,src/il_data_tools/launch/collect_sim_drive_dataset.launch.py,a03dc747d143e0e12fd5389e0d289d6008bae6e5032c09937edca886b2c2870a
src/il_data_tools/launch/policy_inference.launch.py,main,0ae216c6255e25404560948f3e6d5479a7a7ba8f,src/il_data_tools/launch/policy_inference.launch.py,64c0b3db615b1307a884c8d59213547a321fe1869d8dd608485f1712ba08be37
src/il_data_tools/launch/real_canonical_policy_drive.launch.py,main,0ae216c6255e25404560948f3e6d5479a7a7ba8f,src/il_data_tools/launch/real_canonical_policy_drive.launch.py,5ad28e82d5c4c5dd64488a80411d13434b55970a7b478f0174880200d161e53f
src/il_data_tools/launch/real_policy_inference.launch.py,main,0ae216c6255e25404560948f3e6d5479a7a7ba8f,src/il_data_tools/launch/real_policy_inference.launch.py,a41364550a755d49d4144e93a4d04e22089d463905adae97500422ef6868fc7a
src/il_data_tools/launch/record_cone_dataset.launch.py,main,0ae216c6255e25404560948f3e6d5479a7a7ba8f,src/il_data_tools/launch/record_cone_dataset.launch.py,9ad83e7d0f40d8e0c091690c96b5968e61561cc5a35e6dfc7379943d74818e3e
src/il_data_tools/launch/record_drive_dataset.launch.py,main,0ae216c6255e25404560948f3e6d5479a7a7ba8f,src/il_data_tools/launch/record_drive_dataset.launch.py,86970e4e1735c1dfac774f1996c3b2e8aa8f8a9c4c0f5a157c27b8b103692b7d
src/il_data_tools/launch/record_overtake_dataset.launch.py,main,0ae216c6255e25404560948f3e6d5479a7a7ba8f,src/il_data_tools/launch/record_overtake_dataset.launch.py,4ab9c5e83578bdaaf076173190bf57050b0b35510580029f4a04927829b2beaa
src/il_data_tools/launch/record_sim_drive_dataset.launch.py,main,0ae216c6255e25404560948f3e6d5479a7a7ba8f,src/il_data_tools/launch/record_sim_drive_dataset.launch.py,bcad957672436b800fe589a3e6c7c54f9a3621c7193daa0c5250ea564566cd2d
src/il_data_tools/launch/sim_policy_drive.launch.py,main,0ae216c6255e25404560948f3e6d5479a7a7ba8f,src/il_data_tools/launch/sim_policy_drive.launch.py,d00c595c5d029bc42a50c4d219a3b414b2d436b265e6f92640dca87b078ec035
src/il_data_tools/models/drive_canonical_policy_metrics.json,main,0ae216c6255e25404560948f3e6d5479a7a7ba8f,src/il_data_tools/models/drive_canonical_policy_metrics.json,958862751fb06e69ab9faf6f596b97aa07699cb8890458d95d538af00fc07948
src/il_data_tools/models/README.md,main,0ae216c6255e25404560948f3e6d5479a7a7ba8f,src/il_data_tools/models/README.md,7ba03683015cc0ddcd7d6f0e549d128666df0677138be10d658da187c20092a2
src/il_data_tools/package.xml,main,0ae216c6255e25404560948f3e6d5479a7a7ba8f,src/il_data_tools/package.xml,6aec6b7d5f08e902ac8726708243de090dd105002fe91eb175fc46268004747b
src/il_data_tools/README.md,main,0ae216c6255e25404560948f3e6d5479a7a7ba8f,src/il_data_tools/README.md,a4e4bd914364b277b43c0d14fb216608604c1b991c6e9aed3d0185dfe516fd66
src/il_data_tools/resource/il_data_tools,main,0ae216c6255e25404560948f3e6d5479a7a7ba8f,src/il_data_tools/resource/il_data_tools,7eb70257593da06f682a3ddda54a9d260d4fc514f645237f5ca74b08f8da61a6
src/il_data_tools/scripts/benchmark_policy_model.py,main,0ae216c6255e25404560948f3e6d5479a7a7ba8f,src/il_data_tools/scripts/benchmark_policy_model.py,3bcb852f13bd99a65d29390d695adc732b0380181ae4f7bc98b4ab383dad3791
src/il_data_tools/scripts/build_cone_dataset.py,main,0ae216c6255e25404560948f3e6d5479a7a7ba8f,src/il_data_tools/scripts/build_cone_dataset.py,2d0fedea5e147d46b5b7e6f586e909c026faa35f917347c6009412a256f31a2f
src/il_data_tools/scripts/build_drive_dataset.py,main,0ae216c6255e25404560948f3e6d5479a7a7ba8f,src/il_data_tools/scripts/build_drive_dataset.py,758a5e9d272e4d470c5764fde7318826363c1a37a32a1edfcabe82eb0077415c
src/il_data_tools/scripts/build_overtake_dataset.py,main,0ae216c6255e25404560948f3e6d5479a7a7ba8f,src/il_data_tools/scripts/build_overtake_dataset.py,f608c7283a53b4e7c28f1ef5161387b9374518d22b64cb15a5f18aa2625e3dd0
src/il_data_tools/scripts/check_topics.sh,main,0ae216c6255e25404560948f3e6d5479a7a7ba8f,src/il_data_tools/scripts/check_topics.sh,9dd7a374557e8f1a2175a32bdc3dd99c263c2987cbe494d63989943587014476
src/il_data_tools/scripts/compare_models.py,main,0ae216c6255e25404560948f3e6d5479a7a7ba8f,src/il_data_tools/scripts/compare_models.py,80a9c0632bed13fa31492153aa087f4b1215d27ca6560810666fd93c3f98d6c3
src/il_data_tools/scripts/eval_policy.py,main,0ae216c6255e25404560948f3e6d5479a7a7ba8f,src/il_data_tools/scripts/eval_policy.py,3ec56847a0a085ce0d86617337d9713448b0832129fa2cd50aa37b55a7a82c18
src/il_data_tools/scripts/export_policy_onnx.py,main,0ae216c6255e25404560948f3e6d5479a7a7ba8f,src/il_data_tools/scripts/export_policy_onnx.py,1c2017a25717dc8b2560dc45d20148158b886a0ce5eb18430fcf3332ed0589b1
src/il_data_tools/scripts/export_policy_torchscript.py,main,0ae216c6255e25404560948f3e6d5479a7a7ba8f,src/il_data_tools/scripts/export_policy_torchscript.py,8013b5603b50bf044b3819e774680cdcd59815e5ab069ec1953a163af92acbe0
src/il_data_tools/scripts/image_preprocessing.py,main,0ae216c6255e25404560948f3e6d5479a7a7ba8f,src/il_data_tools/scripts/image_preprocessing.py,49da178e3601271b28d5b99c82fd105e28de4d73ecdee745f4bba5b861e38f33
src/il_data_tools/scripts/policy_dataset.py,main,0ae216c6255e25404560948f3e6d5479a7a7ba8f,src/il_data_tools/scripts/policy_dataset.py,640f0d8b7cf8c733c68433589064b63e5e47bc0a8cf1cf1ccc09c52330f3c2e6
src/il_data_tools/scripts/policy_models.py,main,0ae216c6255e25404560948f3e6d5479a7a7ba8f,src/il_data_tools/scripts/policy_models.py,07a50864f8ad4e111be1c5cce77a747a6620ede8439d15efcffaa43f4aad67c4
src/il_data_tools/scripts/summarize_dataset.py,main,0ae216c6255e25404560948f3e6d5479a7a7ba8f,src/il_data_tools/scripts/summarize_dataset.py,6f3332d1c08cc67185abf77b07fd61983caafeb2fac8ee7338d9e3336e0627e3
src/il_data_tools/scripts/test_motor_message_parser.py,main,0ae216c6255e25404560948f3e6d5479a7a7ba8f,src/il_data_tools/scripts/test_motor_message_parser.py,d11f81f8457ad78a564606ce0c46fe233ed0adb9c88f7c1df0ec48e77bc7df0c
src/il_data_tools/scripts/train_cone_policy.py,main,0ae216c6255e25404560948f3e6d5479a7a7ba8f,src/il_data_tools/scripts/train_cone_policy.py,f7cb4062888c60cbfc450d5db2cd0247bd37515b7a45a1e4cf3a585621948c2a
src/il_data_tools/scripts/train_drive_policy.py,main,0ae216c6255e25404560948f3e6d5479a7a7ba8f,src/il_data_tools/scripts/train_drive_policy.py,daeae548e74e7741c9d664c17f60fee94e84b2b2ec3203e0063d5121366a006c
src/il_data_tools/scripts/train_overtake_policy.py,main,0ae216c6255e25404560948f3e6d5479a7a7ba8f,src/il_data_tools/scripts/train_overtake_policy.py,2407a503ec9d69545468f8f56b4aab8d753704441d023d6bebb27d0b33685b93
src/il_data_tools/scripts/train_policy.py,main,0ae216c6255e25404560948f3e6d5479a7a7ba8f,src/il_data_tools/scripts/train_policy.py,aad691ab8929107bea5799e6e745205b3a7d36201ccd375e2d0c26786867300d
src/il_data_tools/scripts/visualize_policy_predictions.py,main,0ae216c6255e25404560948f3e6d5479a7a7ba8f,src/il_data_tools/scripts/visualize_policy_predictions.py,146b138a7359661ad20413930268cffd5a49bf482373f353f5e80a8f9c64ed84
src/il_data_tools/setup.cfg,main,0ae216c6255e25404560948f3e6d5479a7a7ba8f,src/il_data_tools/setup.cfg,cdba85b6797d2636f4d67d0d67493715195996b41febdf20a2c2b513ac279591
src/il_data_tools/setup.py,main,0ae216c6255e25404560948f3e6d5479a7a7ba8f,src/il_data_tools/setup.py,1d873de18bfa2427b439151b8efce04b1382283f674202eecc13d0c7c13b71fb
src/il_data_tools/test/test_canonical_artifacts.py,main,0ae216c6255e25404560948f3e6d5479a7a7ba8f,src/il_data_tools/test/test_canonical_artifacts.py,3b0b61b65756c9345a63572ad35422790f3ea6e32bef4f18cd1359fce4080eea
src/il_data_tools/test/test_canonical_dataset_converter.py,main,0ae216c6255e25404560948f3e6d5479a7a7ba8f,src/il_data_tools/test/test_canonical_dataset_converter.py,f89a15b5ec02eb6d1c456c4a81a157b02819af83466f6fe23f0849823e1c0fc4
src/il_data_tools/test/test_canonical_pipeline.py,main,0ae216c6255e25404560948f3e6d5479a7a7ba8f,src/il_data_tools/test/test_canonical_pipeline.py,708c257024090abd3d5cb8c104789be803b274f5f3ef19ce338d631136ec77b2
src/il_data_tools/test/test_domain_randomization.py,main,0ae216c6255e25404560948f3e6d5479a7a7ba8f,src/il_data_tools/test/test_domain_randomization.py,e3a4096ded160e6f12d5611e1a5bcf3b9e9161a69445ca14e5dc4a14788d29e5
src/il_data_tools/test/test_lidar_fusion_contracts.py,main,0ae216c6255e25404560948f3e6d5479a7a7ba8f,src/il_data_tools/test/test_lidar_fusion_contracts.py,31669d7aabd77e189b1dca3d9a594940c9857a9cbacf287a1b1ab5fe4387fbfe
src/il_data_tools/test/test_overtake_contracts.py,main,0ae216c6255e25404560948f3e6d5479a7a7ba8f,src/il_data_tools/test/test_overtake_contracts.py,db6201e937700935c22b56f95602d24b6f54203209075a3f9ae791881f9e1db2
src/il_data_tools/test/test_policy_contracts.py,main,0ae216c6255e25404560948f3e6d5479a7a7ba8f,src/il_data_tools/test/test_policy_contracts.py,488e73efe549551ea395551c00d20724845d3d8ac66cf883b2968fb49c18368e
src/il_data_tools/test/test_recovery_scenarios.py,main,0ae216c6255e25404560948f3e6d5479a7a7ba8f,src/il_data_tools/test/test_recovery_scenarios.py,c62a38f1d7c4c5ac77317f874e8bb003b7e78326707e25e33c20ec01d4e1ea2f
src/il_data_tools/test/test_reliability.py,main,0ae216c6255e25404560948f3e6d5479a7a7ba8f,src/il_data_tools/test/test_reliability.py,a45614f3d18cb0bb3b5cdde230b3c169ec4e656533bb5d740c323970416652fc
src/il_data_tools/test/test_sim_contracts.py,main,0ae216c6255e25404560948f3e6d5479a7a7ba8f,src/il_data_tools/test/test_sim_contracts.py,e81dd21f0bf469fdefc5b5439d01b23736aaf645192624c28a349e13a7c5092a
src/my_rule/config/cone_control.yaml,main,0ae216c6255e25404560948f3e6d5479a7a7ba8f,src/study/my_rule/config/cone_control.yaml,80319b0160b09eae899d712fe3853b98a2130963d22b23bbb10c513c59df2605
src/my_rule/config/cone_path_visualizer.yaml,main,0ae216c6255e25404560948f3e6d5479a7a7ba8f,src/study/my_rule/config/cone_path_visualizer.yaml,a673ca26bd27e1ad37e214c589d92133352950027bff561857ed1812daa31e78
src/my_rule/config/drive_manager.yaml,main,0ae216c6255e25404560948f3e6d5479a7a7ba8f,src/study/my_rule/config/drive_manager.yaml,2a39ef5fd1be62a4374c92a073cbcfffa450aafe3eeb961b04910b69c3d52061
src/my_rule/config/lane_control.yaml,main,0ae216c6255e25404560948f3e6d5479a7a7ba8f,src/study/my_rule/config/lane_control.yaml,edfa02fc5dc5e895c213e07833d66764af89f77c94a42d639878c1279301de38
src/my_rule/config/lane_perception.yaml,main,0ae216c6255e25404560948f3e6d5479a7a7ba8f,src/study/my_rule/config/lane_perception.yaml,98c325eb3dc690ef0fd85efbc7af25c9b3afd4fd3d12bd9aeaba595438d70233
src/my_rule/config/object_detection.yaml,main,0ae216c6255e25404560948f3e6d5479a7a7ba8f,src/study/my_rule/config/object_detection.yaml,13122349a0e581e94076b8242949c550c911e18a6d47cc20565724a1d03a1696
src/my_rule/config/perception_view.yaml,main,0ae216c6255e25404560948f3e6d5479a7a7ba8f,src/study/my_rule/config/perception_view.yaml,15a5f3a4869e5961d5daf78b8d2af9b779e65186445d1431face9589ca94f291
src/my_rule/launch/compressed_camera_republish.launch.py,main,0ae216c6255e25404560948f3e6d5479a7a7ba8f,src/study/my_rule/launch/compressed_camera_republish.launch.py,fef165f4e6f20174712016363ea316f8b1e529535c88bcf7665ce7abd32a484a
src/my_rule/launch/cone_only.launch.py,main,0ae216c6255e25404560948f3e6d5479a7a7ba8f,src/study/my_rule/launch/cone_only.launch.py,ad00d61feb16bd4ad514d951287da980f315b1be95bba8443af1bc9f834e67ba
src/my_rule/launch/cone_path_rviz.launch.py,main,0ae216c6255e25404560948f3e6d5479a7a7ba8f,src/study/my_rule/launch/cone_path_rviz.launch.py,82fc6a5423dad4934467300409c556cbf48a541622493e894e5395eca7e1c63a
src/my_rule/launch/drive_visualization_rviz.launch.py,main,0ae216c6255e25404560948f3e6d5479a7a7ba8f,src/study/my_rule/launch/drive_visualization_rviz.launch.py,6fb0172c2689e12214ec3665aee44f436104f0f84cc9dea51e1fb14f62aba97a
src/my_rule/launch/perception_view.launch.py,main,0ae216c6255e25404560948f3e6d5479a7a7ba8f,src/study/my_rule/launch/perception_view.launch.py,e3212aeeae412ed60be6402c6ebacb5ae913a98fd7ab685789e893841366ce48
src/my_rule/my_rule/__init__.py,main,0ae216c6255e25404560948f3e6d5479a7a7ba8f,src/study/my_rule/my_rule/__init__.py,75f67a80e0b0af2494a0c0e82751f374d1149a611a04f3367553b042289d14ec
src/my_rule/my_rule/bag_progress_node.py,main,0ae216c6255e25404560948f3e6d5479a7a7ba8f,src/study/my_rule/my_rule/bag_progress_node.py,3a85f592fbfd8358a0fc7ee4606ef30cc982e7456a67d6f6494565e8c019eaea
src/my_rule/my_rule/compressed_camera_republisher_node.py,main,0ae216c6255e25404560948f3e6d5479a7a7ba8f,src/study/my_rule/my_rule/compressed_camera_republisher_node.py,40c0329703153bd7ae5152cf87d6c4a25ad2024011d79c814cf1e1e259f0a709
src/my_rule/my_rule/cone_node.py,main,0ae216c6255e25404560948f3e6d5479a7a7ba8f,src/study/my_rule/my_rule/cone_node.py,12bfa6bb258311bae6fe0ba9d7cb648800d59965552f595e0c644c3962017d7d
src/my_rule/my_rule/cone_path_visualizer_node.py,main,0ae216c6255e25404560948f3e6d5479a7a7ba8f,src/study/my_rule/my_rule/cone_path_visualizer_node.py,7ef1551b9e4860ec0c3ecffa1287822bef3aa89073ed8ab49e0c75a6290d8ae1
src/my_rule/my_rule/control/__init__.py,main,0ae216c6255e25404560948f3e6d5479a7a7ba8f,src/study/my_rule/my_rule/control/__init__.py,9a8076f024e144e144b29a263571d14f4dd62fdc71f82b76d6df7f898a06564e
src/my_rule/my_rule/control/lane_controller.py,main,0ae216c6255e25404560948f3e6d5479a7a7ba8f,src/study/my_rule/my_rule/control/lane_controller.py,3233f350dddfa213a5b095392cb6aa20f7fc198a838bedad05faf5ac95e31f52
src/my_rule/my_rule/control/math_utils.py,main,0ae216c6255e25404560948f3e6d5479a7a7ba8f,src/study/my_rule/my_rule/control/math_utils.py,60a04f73a9e141c9ad3e211054c68ee2abff50c2b4fdaafbc72c50b39b642203
src/my_rule/my_rule/drive_manager_node.py,main,0ae216c6255e25404560948f3e6d5479a7a7ba8f,src/study/my_rule/my_rule/drive_manager_node.py,11c5ed3761caa0586c49ae1b8fb22513874266d8a4883e61bf23ec469d7f6b03
src/my_rule/my_rule/ego_cone_tracker.py,main,0ae216c6255e25404560948f3e6d5479a7a7ba8f,src/study/my_rule/my_rule/ego_cone_tracker.py,9ea1e317e2dd58036a93b3527d94f768a60927c30fa08886d34d4c82c1cc17c4
src/my_rule/my_rule/lane_perception_node.py,main,0ae216c6255e25404560948f3e6d5479a7a7ba8f,src/study/my_rule/my_rule/lane_perception_node.py,c09ede0825b749634044399781db15fa56ff7e1bf306198141a702e0921f0817
src/my_rule/my_rule/object_detection_node.py,main,0ae216c6255e25404560948f3e6d5479a7a7ba8f,src/study/my_rule/my_rule/object_detection_node.py,9deff2daeffc56e8f5684f8f4c84df4b67e1988cdaa81c5ab4a8e965abed4e9d
src/my_rule/my_rule/perception/__init__.py,main,0ae216c6255e25404560948f3e6d5479a7a7ba8f,src/study/my_rule/my_rule/perception/__init__.py,88cffb63e410be7cddcf82c0eaefcc6b8e5ccd367a2ec63e877f4f1826217d13
src/my_rule/my_rule/perception/camera_input.py,main,0ae216c6255e25404560948f3e6d5479a7a7ba8f,src/study/my_rule/my_rule/perception/camera_input.py,86aaefc2646f58c3b6de5a8bfe550259c9528242d745eedadde0cc89ebbf4ad1
src/my_rule/my_rule/perception/canonical_adapter.py,main,0ae216c6255e25404560948f3e6d5479a7a7ba8f,src/study/my_rule/my_rule/perception/canonical_adapter.py,a987cf34c71a574eb3047f72380658b7706740a163502e837c457054f3e81d47
src/my_rule/my_rule/perception/lidar_camera_association.py,main,0ae216c6255e25404560948f3e6d5479a7a7ba8f,src/study/my_rule/my_rule/perception/lidar_camera_association.py,c906e0723f46e06ddd5fe8c1916e3088c051fad4f3e5d22dae29549687851965
src/my_rule/my_rule/perception/lraspp_inference.py,main,0ae216c6255e25404560948f3e6d5479a7a7ba8f,src/study/my_rule/my_rule/perception/lraspp_inference.py,65c863d216333a0cc90ec5d7dc3f625f5f1c374f09e51d3055a0eb05ed5692e4
src/my_rule/my_rule/perception/object_perception.py,main,0ae216c6255e25404560948f3e6d5479a7a7ba8f,src/study/my_rule/my_rule/perception/object_perception.py,0f92df0fba0d2b0e1dc00a3201959ed24257536649f1d0ade37773d4ec7b5626
src/my_rule/my_rule/perception/white_lane_fitter.py,main,0ae216c6255e25404560948f3e6d5479a7a7ba8f,src/study/my_rule/my_rule/perception/white_lane_fitter.py,d43bc44d209be5dfa9365993973707445a25af85e8069abfd84310f5ded5ec79
src/my_rule/my_rule/perception_view_node.py,main,0ae216c6255e25404560948f3e6d5479a7a7ba8f,src/study/my_rule/my_rule/perception_view_node.py,6919da2de70aa739609e729113a11d13cb49f7c5fdec2bea14391ffe7faa98fc
src/my_rule/package.xml,main,0ae216c6255e25404560948f3e6d5479a7a7ba8f,src/study/my_rule/package.xml,027520f955d75edd971e08e375947a3a178447b013bb56ade1c444e34aaa77e5
src/my_rule/requirements.txt,main,0ae216c6255e25404560948f3e6d5479a7a7ba8f,src/study/my_rule/requirements.txt,95659fe7402dbf961b85c876085ce62a98d632ceee209472c7332df67cafd0f9
src/my_rule/resource/my_rule,main,0ae216c6255e25404560948f3e6d5479a7a7ba8f,src/study/my_rule/resource/my_rule,7eb70257593da06f682a3ddda54a9d260d4fc514f645237f5ca74b08f8da61a6
src/my_rule/rviz/cone_path.rviz,main,0ae216c6255e25404560948f3e6d5479a7a7ba8f,src/study/my_rule/rviz/cone_path.rviz,e28647b39995fcc0c186ff84d3ffe89fa6f69c886eb6ff64ce8c666c8297b75f
src/my_rule/rviz/integrated_drive.rviz,main,0ae216c6255e25404560948f3e6d5479a7a7ba8f,src/study/my_rule/rviz/integrated_drive.rviz,01b0f75d6647ac52a8164234d9240593753a807fd3acad3f6dff9294e0a19bf3
src/my_rule/setup.cfg,main,0ae216c6255e25404560948f3e6d5479a7a7ba8f,src/study/my_rule/setup.cfg,0ebd06c3e7386d6cfa51b1cf56d81a3cca1a86e7da7fbd865c71630951e8a913
src/my_rule/setup.py,main,0ae216c6255e25404560948f3e6d5479a7a7ba8f,src/study/my_rule/setup.py,1b4ad21eb51ce0ede69c423ec50ec38b668f4b5f3c7a626369d0f3e94a16c672
src/my_rule/test/test_bag_progress.py,main,0ae216c6255e25404560948f3e6d5479a7a7ba8f,src/study/my_rule/test/test_bag_progress.py,2c9921b259840971d6005efeefa332e68283f1ac2d4dde6e60c409a80d004ce3
src/my_rule/test/test_cone_controller.py,main,0ae216c6255e25404560948f3e6d5479a7a7ba8f,src/study/my_rule/test/test_cone_controller.py,63b80f34b19590fa303d5a89b6b20e95b8f3ec7b16186e5fbbbea511608e852c
src/my_rule/test/test_cone_path_visualizer.py,main,0ae216c6255e25404560948f3e6d5479a7a7ba8f,src/study/my_rule/test/test_cone_path_visualizer.py,0890c9c6e87cb1b1e86ac587247abc26f5e326d6d28a0814084a0d47defe9aa7
src/my_rule/test/test_ego_cone_tracker.py,main,0ae216c6255e25404560948f3e6d5479a7a7ba8f,src/study/my_rule/test/test_ego_cone_tracker.py,8e23d18bd014f53c2efedea4ffd165b85f6365247f09af1b859e8f80af2e1858
src/my_rule/test/test_integrated_stack.py,main,0ae216c6255e25404560948f3e6d5479a7a7ba8f,src/study/my_rule/test/test_integrated_stack.py,11e35cd209a54bc52458b7edacc814517890a50dd689bfc13c7455e3e38b49d3
src/my_rule/test/test_lane_controller.py,main,0ae216c6255e25404560948f3e6d5479a7a7ba8f,src/study/my_rule/test/test_lane_controller.py,a5adc33f82e0b459404c38630ea84377ea43f987b9b13e07f13440be00824dad
src/my_rule/test/test_lidar_camera_association.py,main,0ae216c6255e25404560948f3e6d5479a7a7ba8f,src/study/my_rule/test/test_lidar_camera_association.py,4dbb920bc7419d5945663f9af84ad4f7c7f37e402e588a634d0a2106d9fac308
src/my_rule/test/test_object_perception.py,main,0ae216c6255e25404560948f3e6d5479a7a7ba8f,src/study/my_rule/test/test_object_perception.py,e9c001696813a7cb0bce0e0a5e3e5894b6303f3f56b4ec8d8f1b0aa4e94cba53
src/my_rule/test/test_perception_view.py,main,0ae216c6255e25404560948f3e6d5479a7a7ba8f,src/study/my_rule/test/test_perception_view.py,d9064d67829245201547af974a45261006bf8fb0f58dda879d231c689740b492
src/my_rule/tools/rosbag_yolo_view.py,main,0ae216c6255e25404560948f3e6d5479a7a7ba8f,src/study/my_rule/tools/rosbag_yolo_view.py,c4ca3df782155789b32219d8af03c479c923fc055148ce297f2395ca16d9f8ff
src/xycar_map_nav/config/sequential_hybrid_real.yaml,main,0ae216c6255e25404560948f3e6d5479a7a7ba8f,src/xycar_map_nav/config/sequential_hybrid_real.yaml,9655c84f6b4ae2d9721cb26dc74628f2de5f09496d0d8d0218b3bcd008b7fb01
src/xycar_map_nav/config/sim_mission_layout.yaml,main,0ae216c6255e25404560948f3e6d5479a7a7ba8f,src/xycar_map_nav/config/sim_mission_layout.yaml,74396cc93ba0c255ca877e50516dce2974425d0cd9b4e1a183d15833e1f2cee2
src/xycar_map_nav/launch/cone_entry_monitor.launch.py,main,0ae216c6255e25404560948f3e6d5479a7a7ba8f,src/xycar_map_nav/launch/cone_entry_monitor.launch.py,30f817ae85388dce17028a380053cf5828cbae633c75d6287fdff6840865084a
src/xycar_map_nav/launch/real_hybrid_test_sensors.launch.py,main,0ae216c6255e25404560948f3e6d5479a7a7ba8f,src/xycar_map_nav/launch/real_hybrid_test_sensors.launch.py,2f98f4eb3f6b0b545ecd1bb30f9e756f69fee9b63ce86eb8aab0fd325c47e52a
src/xycar_map_nav/launch/real_sequential_hybrid_drive.launch.py,main,0ae216c6255e25404560948f3e6d5479a7a7ba8f,src/xycar_map_nav/launch/real_sequential_hybrid_drive.launch.py,094ffbd6f4e6e1d781f8c9c868af036f77068f1cd59e4c86a0dd39ba5ce96dcb
src/xycar_map_nav/launch/sim_rule_missions.launch.py,main,0ae216c6255e25404560948f3e6d5479a7a7ba8f,src/xycar_map_nav/launch/sim_rule_missions.launch.py,66cae6bf54d24aa3997ea6fd5767d2be7b3150b34ab94f9cc7c715d6c6a1fb80
src/xycar_map_nav/launch/yellow_count_semantic_review.launch.py,main,0ae216c6255e25404560948f3e6d5479a7a7ba8f,src/xycar_map_nav/launch/yellow_count_semantic_review.launch.py,dba811eb90afed5d1d6b7bbc24a80b9e23af6942a1e58e02a51bec1d9eba58d8
src/xycar_map_nav/launch/yellow_count_shortcut_control.launch.py,main,0ae216c6255e25404560948f3e6d5479a7a7ba8f,src/xycar_map_nav/launch/yellow_count_shortcut_control.launch.py,b0440850a8f6482397dbfccbbd3870518f69c2ce8c3ccb3e7d036218317d3fcc
src/xycar_map_nav/package.xml,main,0ae216c6255e25404560948f3e6d5479a7a7ba8f,src/xycar_map_nav/package.xml,16a84e6c95b2df0e2415c5a8a15a4d8a16a03846ef3a65640dc358411e4bc855
src/xycar_map_nav/README.md,main,0ae216c6255e25404560948f3e6d5479a7a7ba8f,src/xycar_map_nav/README.md,48178df5b13c2016c864270b6a8c2d8cd302875879edec24d8a2965787d08b9d
src/xycar_map_nav/resource/xycar_map_nav,main,0ae216c6255e25404560948f3e6d5479a7a7ba8f,src/xycar_map_nav/resource/xycar_map_nav,7eb70257593da06f682a3ddda54a9d260d4fc514f645237f5ca74b08f8da61a6
src/xycar_map_nav/rviz/avoidance_test.rviz,main,0ae216c6255e25404560948f3e6d5479a7a7ba8f,src/xycar_map_nav/rviz/avoidance_test.rviz,8aa6d5a38c5891fecb27744b802e528f87d116d7c2d6bb97db462d5d2432a239
src/xycar_map_nav/scripts/build_xycar_only.sh,main,0ae216c6255e25404560948f3e6d5479a7a7ba8f,src/xycar_map_nav/scripts/build_xycar_only.sh,962353c2e87ee1527f657f00842af73bfdda77f5c6c6848fc0b027f34726f25d
src/xycar_map_nav/scripts/run_complete_avoidance_only.sh,main,0ae216c6255e25404560948f3e6d5479a7a7ba8f,src/xycar_map_nav/scripts/run_complete_avoidance_only.sh,17ffd5fd2e3b5ce998aab56c9b1b77ed9f442f30924629475813076c80d5fc21
src/xycar_map_nav/scripts/run_complete_cone_obstacle_steering_test.sh,main,0ae216c6255e25404560948f3e6d5479a7a7ba8f,src/xycar_map_nav/scripts/run_complete_cone_obstacle_steering_test.sh,0c622b4f1af08fdb3a20d3ed5f4e4010805c3eff270fc70e06390e2528ddcd6c
src/xycar_map_nav/scripts/run_complete_cone_obstacle_test.sh,main,0ae216c6255e25404560948f3e6d5479a7a7ba8f,src/xycar_map_nav/scripts/run_complete_cone_obstacle_test.sh,013bfe7ff0520c33c5e035345405c4118a5c936ac316dc27e7c0dbd3c046dc8a
src/xycar_map_nav/scripts/run_complete_rule_only.sh,main,0ae216c6255e25404560948f3e6d5479a7a7ba8f,src/xycar_map_nav/scripts/run_complete_rule_only.sh,d4412127a92164daaf0cbe264c82b817a5bc8985d86b9d3a4a8185a0418fb24b
src/xycar_map_nav/scripts/run_complete_space_hybrid.sh,main,0ae216c6255e25404560948f3e6d5479a7a7ba8f,src/xycar_map_nav/scripts/run_complete_space_hybrid.sh,fb31a291fc3bc075b3fe2872d2c6b1e2fef5f6270920390730cfe6d80612890d
src/xycar_map_nav/scripts/run_cone_entry_monitor.sh,main,0ae216c6255e25404560948f3e6d5479a7a7ba8f,src/xycar_map_nav/scripts/run_cone_entry_monitor.sh,e4d30acf1df40cee00d97bd4bcbc9452e62fc90e6fe96d91a437d759cc6659d5
src/xycar_map_nav/scripts/run_shortcut_bag_wheel_test.sh,main,0ae216c6255e25404560948f3e6d5479a7a7ba8f,src/xycar_map_nav/scripts/run_shortcut_bag_wheel_test.sh,a86d91cd2c3a77a1705367bfe35a4771075cc0ccd1af86cce2252816c45ff579
src/xycar_map_nav/scripts/run_space_hybrid_test.sh,main,0ae216c6255e25404560948f3e6d5479a7a7ba8f,src/xycar_map_nav/scripts/run_space_hybrid_test.sh,50e072300c036f001a8d15a7c678338278db4a9bbe69fb532be56723f2c7a7f8
src/xycar_map_nav/scripts/run_space_sim_missions.sh,main,0ae216c6255e25404560948f3e6d5479a7a7ba8f,src/xycar_map_nav/scripts/run_space_sim_missions.sh,85e67d0deebb76d2a5e80d27b58c57231db968605b3ccf3607bc43111718d721
src/xycar_map_nav/scripts/run_yellow_count_bag_review.sh,main,0ae216c6255e25404560948f3e6d5479a7a7ba8f,src/xycar_map_nav/scripts/run_yellow_count_bag_review.sh,d8d74905a3b4c148c457060931f13b99119b5c29d92a0223b00f67818e79ad2c
src/xycar_map_nav/setup.cfg,main,0ae216c6255e25404560948f3e6d5479a7a7ba8f,src/xycar_map_nav/setup.cfg,75371f07f92ff4c559c929423fcbf84487cda3d94016263416b17816496ee70d
src/xycar_map_nav/setup.py,main,0ae216c6255e25404560948f3e6d5479a7a7ba8f,src/xycar_map_nav/setup.py,3d1630e00931e34f432cff9bcf2f90e5d404daa1d44cbc89c6a973e70e6dcf1f
src/xycar_map_nav/test/test_cone_entry_monitor.py,main,0ae216c6255e25404560948f3e6d5479a7a7ba8f,src/xycar_map_nav/test/test_cone_entry_monitor.py,a0b2e25861e6c9593fd7017bea874752278bf97ff4b0d031746ff251626f853e
src/xycar_map_nav/test/test_cone_entry_monitor_launch.py,main,0ae216c6255e25404560948f3e6d5479a7a7ba8f,src/xycar_map_nav/test/test_cone_entry_monitor_launch.py,7c20b98ff5481a015fc66baf8f5257f45870714e0955b95a6477185fe6468cc2
src/xycar_map_nav/test/test_cone_mode_latch.py,main,0ae216c6255e25404560948f3e6d5479a7a7ba8f,src/xycar_map_nav/test/test_cone_mode_latch.py,cafa29170d1b4903bf49b00a812f0ada79e548f8f772411d853b7b3445f88d81
src/xycar_map_nav/test/test_cone_steering_conversion.py,main,0ae216c6255e25404560948f3e6d5479a7a7ba8f,src/xycar_map_nav/test/test_cone_steering_conversion.py,30d514f288cbe12e818befa5e08f9715a5e23ea34c8b6ecd81602812eb502e69
src/xycar_map_nav/test/test_corner_survey_core.py,main,0ae216c6255e25404560948f3e6d5479a7a7ba8f,src/xycar_map_nav/test/test_corner_survey_core.py,5e8843e4485d0f2e0c79134b938be30e6d2bd46b5d8c9a17f092d5eed7c923f3
src/xycar_map_nav/test/test_integrated_run_script.py,main,0ae216c6255e25404560948f3e6d5479a7a7ba8f,src/xycar_map_nav/test/test_integrated_run_script.py,a671d382712cbd1325c6c1cb9ad6af0b3ea3b8428a225972d80e72380e52483f
src/xycar_map_nav/test/test_mission_supervisor_sensor_association.py,main,0ae216c6255e25404560948f3e6d5479a7a7ba8f,src/xycar_map_nav/test/test_mission_supervisor_sensor_association.py,729195b3b6585573be237d583f26bca9695f337378115022039366964e9b6b24
src/xycar_map_nav/test/test_race_lap_policy.py,main,0ae216c6255e25404560948f3e6d5479a7a7ba8f,src/xycar_map_nav/test/test_race_lap_policy.py,d8725c88433f39c256b256cc9eaf38f91cb8badd8de2caed0be653568d99d2cd
src/xycar_map_nav/test/test_s_curve_entry_guard.py,main,0ae216c6255e25404560948f3e6d5479a7a7ba8f,src/xycar_map_nav/test/test_s_curve_entry_guard.py,82b95235a3fb457d19daedd76ce1be91dcb5de7cca9459d9a7c36563a1e8deb9
src/xycar_map_nav/test/test_sequential_hybrid_core.py,main,0ae216c6255e25404560948f3e6d5479a7a7ba8f,src/xycar_map_nav/test/test_sequential_hybrid_core.py,b4ff54504d5cfbcd865734ae87d64a5abc84351a25157484d424a1011ce69502
src/xycar_map_nav/test/test_shortcut_mode_latch.py,main,0ae216c6255e25404560948f3e6d5479a7a7ba8f,src/xycar_map_nav/test/test_shortcut_mode_latch.py,d97eb2400aeb22afbbf61d7cc2c092de9b461f58c089a1ecc949fb0150d741c1
src/xycar_map_nav/test/test_sim_mission_ground_truth.py,main,0ae216c6255e25404560948f3e6d5479a7a7ba8f,src/xycar_map_nav/test/test_sim_mission_ground_truth.py,b692cdf7bca5012e6d2641a6f4652bedf4f44a28b2d96c6a31d23b4eb0c67321
src/xycar_map_nav/test/test_space_drive_gate_core.py,main,0ae216c6255e25404560948f3e6d5479a7a7ba8f,src/xycar_map_nav/test/test_space_drive_gate_core.py,cf2a7f59e283e6d3509a1fcbfe55bb9c0bdb686d4e60717a817a25e7e8cc06ef
src/xycar_map_nav/test/test_space_drive_gate_display.py,main,0ae216c6255e25404560948f3e6d5479a7a7ba8f,src/xycar_map_nav/test/test_space_drive_gate_display.py,818dffb33c025f6bdf18dd52bca967d52ce2870163376081c0e060203cf87c6a
src/xycar_map_nav/test/test_traffic_light_control.py,main,0ae216c6255e25404560948f3e6d5479a7a7ba8f,src/xycar_map_nav/test/test_traffic_light_control.py,42ec620ec6cc5386ef0d0b937b122d480d4f4f346e3c2b51981dc53ad1c4e762
src/xycar_map_nav/test/test_yellow_count_core.py,main,0ae216c6255e25404560948f3e6d5479a7a7ba8f,src/xycar_map_nav/test/test_yellow_count_core.py,d0bf50a6912c67d30c93e8fbd5911cd4234605372c23a5636a963cd71eb11537
src/xycar_map_nav/test/test_yolo_lidar_avoidance.py,main,0ae216c6255e25404560948f3e6d5479a7a7ba8f,src/xycar_map_nav/test/test_yolo_lidar_avoidance.py,ff2fd795fa38cba46b2b7570fea4256cc58e3eadde2c0b6b9fa3a4d42e307e37
src/xycar_map_nav/xycar_map_nav/__init__.py,main,0ae216c6255e25404560948f3e6d5479a7a7ba8f,src/xycar_map_nav/xycar_map_nav/__init__.py,c0600db7a4dcc6b351e5af15ec6eea54662c21739db9ca7086104e23ad4c2cb8
src/xycar_map_nav/xycar_map_nav/cone_entry_monitor.py,main,0ae216c6255e25404560948f3e6d5479a7a7ba8f,src/xycar_map_nav/xycar_map_nav/cone_entry_monitor.py,3acfc8671da3e702ff95e76e131199c771b1148a391984fd21e4d00327966ad7
src/xycar_map_nav/xycar_map_nav/cone_entry_monitor_core.py,main,0ae216c6255e25404560948f3e6d5479a7a7ba8f,src/xycar_map_nav/xycar_map_nav/cone_entry_monitor_core.py,4ae56d50a099c280b99110af63b00fc73895cbfa47fac83ecdb32da2e29c3de8
src/xycar_map_nav/xycar_map_nav/cone_mode_latch.py,main,0ae216c6255e25404560948f3e6d5479a7a7ba8f,src/xycar_map_nav/xycar_map_nav/cone_mode_latch.py,afb9d71a6fd4e4ae236b4eb5c14b9d2079944b57d7fd0bd2ddaafb01610cadf2
src/xycar_map_nav/xycar_map_nav/corner_survey_core.py,main,0ae216c6255e25404560948f3e6d5479a7a7ba8f,src/xycar_map_nav/xycar_map_nav/corner_survey_core.py,47210957564dfe25fee79a77da85a1dd3dfba811e334383d36ffb8de6f66a16d
src/xycar_map_nav/xycar_map_nav/lidar_obstacle.py,main,0ae216c6255e25404560948f3e6d5479a7a7ba8f,src/xycar_map_nav/xycar_map_nav/lidar_obstacle.py,cc508009962f9eb18801adc6b86afceb68da3ea39ddbd80b15489da60336f1ae
src/xycar_map_nav/xycar_map_nav/mission_supervisor.py,main,0ae216c6255e25404560948f3e6d5479a7a7ba8f,src/xycar_map_nav/xycar_map_nav/mission_supervisor.py,a2ee5333bdcec4d64e8165f90300bddb01f5f27541e713d5467b2e5e3a6abb4c
src/xycar_map_nav/xycar_map_nav/race_lap_policy.py,main,0ae216c6255e25404560948f3e6d5479a7a7ba8f,src/xycar_map_nav/xycar_map_nav/race_lap_policy.py,cf63ecda050e8caa9213cc3c798b128497b88e0e367b46d737f31da0b7fa88a0
src/xycar_map_nav/xycar_map_nav/s_curve_entry_guard.py,main,0ae216c6255e25404560948f3e6d5479a7a7ba8f,src/xycar_map_nav/xycar_map_nav/s_curve_entry_guard.py,6b2dd1076f5ce6b0d13f8d090edfedd549f0d545862695bc90ca55b21adf524f
src/xycar_map_nav/xycar_map_nav/sequential_hybrid_core.py,main,0ae216c6255e25404560948f3e6d5479a7a7ba8f,src/xycar_map_nav/xycar_map_nav/sequential_hybrid_core.py,73ae4a37050a9114af2202f24c2410c11c919fc487ce2219866422f975b5ce1e
src/xycar_map_nav/xycar_map_nav/sequential_hybrid_driver.py,main,0ae216c6255e25404560948f3e6d5479a7a7ba8f,src/xycar_map_nav/xycar_map_nav/sequential_hybrid_driver.py,f1b9a42ac1c5be3c241c304ae00b6bc9b403236f2768d1ec81e3da4fb7ccd269
src/xycar_map_nav/xycar_map_nav/shortcut_bag_wheel_gate.py,main,0ae216c6255e25404560948f3e6d5479a7a7ba8f,src/xycar_map_nav/xycar_map_nav/shortcut_bag_wheel_gate.py,6997ab19daeac7f3214aee0d114cf02449114a52fb0f3e2b7d579e174792c286
src/xycar_map_nav/xycar_map_nav/shortcut_mode_latch.py,main,0ae216c6255e25404560948f3e6d5479a7a7ba8f,src/xycar_map_nav/xycar_map_nav/shortcut_mode_latch.py,98f5cd716602134ab2afd5008a84d1402c80ae3f0977a15e8da1aeb358b11134
src/xycar_map_nav/xycar_map_nav/sim_mission_ground_truth.py,main,0ae216c6255e25404560948f3e6d5479a7a7ba8f,src/xycar_map_nav/xycar_map_nav/sim_mission_ground_truth.py,4231758b991fc33bb42d70286dc845ddc3fa66ae1871d3760deac31579e35f9f
src/xycar_map_nav/xycar_map_nav/sim_mission_ground_truth_core.py,main,0ae216c6255e25404560948f3e6d5479a7a7ba8f,src/xycar_map_nav/xycar_map_nav/sim_mission_ground_truth_core.py,636b7b2198dbe1b91601cbcd1e134dede252184df062ef156f6d38d8b4ec8316
src/xycar_map_nav/xycar_map_nav/sim_moving_vehicle_controller.py,main,0ae216c6255e25404560948f3e6d5479a7a7ba8f,src/xycar_map_nav/xycar_map_nav/sim_moving_vehicle_controller.py,b44ef60fbe44362edc33dc2df6de98c1dfae723c0c9fa9e79f2f1247a0a178dc
src/xycar_map_nav/xycar_map_nav/space_drive_gate.py,main,0ae216c6255e25404560948f3e6d5479a7a7ba8f,src/xycar_map_nav/xycar_map_nav/space_drive_gate.py,fd70bc9edfee8cca05f7edddf2c92b6830510bb0d1ba5d0a32080f2f3b2cec67
src/xycar_map_nav/xycar_map_nav/space_drive_gate_core.py,main,0ae216c6255e25404560948f3e6d5479a7a7ba8f,src/xycar_map_nav/xycar_map_nav/space_drive_gate_core.py,bc68dfa913ddb57b3451fa30dc9ae72c122afca3a292e62feefe82d0d54fbf58
src/xycar_map_nav/xycar_map_nav/traffic_light_control.py,main,0ae216c6255e25404560948f3e6d5479a7a7ba8f,src/xycar_map_nav/xycar_map_nav/traffic_light_control.py,fbaf26d862edc64edd0a8eaca74c87482e1ab796487c0a27e765fcca85240725
src/xycar_map_nav/xycar_map_nav/yellow_count_bag_viewer.py,main,0ae216c6255e25404560948f3e6d5479a7a7ba8f,src/xycar_map_nav/xycar_map_nav/yellow_count_bag_viewer.py,2dd551f4cf3f77673449ae4bc4679137972c30700a6e711427488f757591b672
src/xycar_map_nav/xycar_map_nav/yellow_count_core.py,main,0ae216c6255e25404560948f3e6d5479a7a7ba8f,src/xycar_map_nav/xycar_map_nav/yellow_count_core.py,f8c68625d8bdcee0049001eb2efa015917bb453f81d4eec641d50297c629fc99
src/xycar_map_nav/xycar_map_nav/yellow_count_shortcut_controller.py,main,0ae216c6255e25404560948f3e6d5479a7a7ba8f,src/xycar_map_nav/xycar_map_nav/yellow_count_shortcut_controller.py,1f631c28be41220f17a7e612dd43b750b52ffaa76442bb7ebb7bf533d9f34005
src/xycar_map_nav/xycar_map_nav/yolo_lidar_avoidance.py,main,0ae216c6255e25404560948f3e6d5479a7a7ba8f,src/xycar_map_nav/xycar_map_nav/yolo_lidar_avoidance.py,a08170ab78af571c64605149ce304473bf7e485480d04099485d3dcd52c4ec5a
src/xycar_parking_nav/.gitignore,빠킹,79d25b045c0e7c4f46ec8419166e203b5e2f26a4,xycar_ws/src/xycar_parking_nav/.gitignore,7ce03b87ba2f92d8e7bea889adb74658f3d0673611c8beb977df86503b0057d0
src/xycar_parking_nav/behavior_trees/ackermann_bidirectional_precise_navigate_to_pose.xml,빠킹,79d25b045c0e7c4f46ec8419166e203b5e2f26a4,xycar_ws/src/xycar_parking_nav/behavior_trees/ackermann_bidirectional_precise_navigate_to_pose.xml,676b99dba3125bff1eb37cf970dd4a7f00a4f1fceef56ba58b95ca61923b44c9
src/xycar_parking_nav/behavior_trees/ackermann_forward_navigate_to_pose.xml,빠킹,79d25b045c0e7c4f46ec8419166e203b5e2f26a4,xycar_ws/src/xycar_parking_nav/behavior_trees/ackermann_forward_navigate_to_pose.xml,fb853497d9cdde8507878e74b13783055f97896ec9511f6f00929f1709e19208
src/xycar_parking_nav/behavior_trees/ackermann_forward_precise_navigate_to_pose.xml,빠킹,79d25b045c0e7c4f46ec8419166e203b5e2f26a4,xycar_ws/src/xycar_parking_nav/behavior_trees/ackermann_forward_precise_navigate_to_pose.xml,fb9cce613639a9e1f5ab52908fc7dcc37205e7d539f16cd5849cb22be277f3cb
src/xycar_parking_nav/behavior_trees/ackermann_navigate_to_pose.xml,빠킹,79d25b045c0e7c4f46ec8419166e203b5e2f26a4,xycar_ws/src/xycar_parking_nav/behavior_trees/ackermann_navigate_to_pose.xml,3d86a49e5dc00a293cf3e50a5e21eb96729a5b624d12dd193385a1bb6505206a
src/xycar_parking_nav/behavior_trees/ackermann_reverse_only_transit_navigate_to_pose.xml,빠킹,79d25b045c0e7c4f46ec8419166e203b5e2f26a4,xycar_ws/src/xycar_parking_nav/behavior_trees/ackermann_reverse_only_transit_navigate_to_pose.xml,5f11a1ef53b0cf66ae3f1ae1f30b9ba0715400140b1a9aa9d8229f9516c04a37
src/xycar_parking_nav/behavior_trees/ackermann_reverse_parking_navigate_to_pose.xml,빠킹,79d25b045c0e7c4f46ec8419166e203b5e2f26a4,xycar_ws/src/xycar_parking_nav/behavior_trees/ackermann_reverse_parking_navigate_to_pose.xml,824dd8c9e3b6e07449eb01543b92163c20a6926e3d0ced9d47cd86f42ca501d2
src/xycar_parking_nav/behavior_trees/ackermann_reverse_transit_navigate_to_pose.xml,빠킹,79d25b045c0e7c4f46ec8419166e203b5e2f26a4,xycar_ws/src/xycar_parking_nav/behavior_trees/ackermann_reverse_transit_navigate_to_pose.xml,d2f59b9f76620f0df12831534218df15dff4be2ef956865d5c82f70fab648139
src/xycar_parking_nav/config/cmd_vel_adapter.yaml,빠킹,79d25b045c0e7c4f46ec8419166e203b5e2f26a4,xycar_ws/src/xycar_parking_nav/config/cmd_vel_adapter.yaml,b014c56205ae48320efd903872b93d9fb059d46a79407c79f7dcfd214b31d9c8
src/xycar_parking_nav/config/mission_manager.yaml,빠킹,79d25b045c0e7c4f46ec8419166e203b5e2f26a4,xycar_ws/src/xycar_parking_nav/config/mission_manager.yaml,0a46417ace2db972b2a2de6a76f9b31ac81219cc027e758dcccd8401d1761dea
src/xycar_parking_nav/config/nav2_parking.yaml,빠킹,79d25b045c0e7c4f46ec8419166e203b5e2f26a4,xycar_ws/src/xycar_parking_nav/config/nav2_parking.yaml,01b762e15bb01693386174c1a5dcf623eaa08765a4d7fed6877640b4c507c8f2
src/xycar_parking_nav/config/parking_mission.yaml,빠킹,79d25b045c0e7c4f46ec8419166e203b5e2f26a4,xycar_ws/src/xycar_parking_nav/config/parking_mission.yaml,0b750f033aeaafcd13f75d16e0d36968f47060afcb00bb7273bc1d6b36857d26
src/xycar_parking_nav/config/parking_waypoint_mission.yaml,빠킹,79d25b045c0e7c4f46ec8419166e203b5e2f26a4,xycar_ws/src/xycar_parking_nav/config/parking_waypoint_mission.yaml,3aa285a64f8ee81528c2f2227b5d98ea46e6b456913ec708c49609f64f4240b5
src/xycar_parking_nav/config/parking_waypoints.yaml,빠킹,79d25b045c0e7c4f46ec8419166e203b5e2f26a4,xycar_ws/src/xycar_parking_nav/config/parking_waypoints.yaml,b867482ee9739494e3dda9352fc04de17e186138e4482dc20788f19328e067ee
src/xycar_parking_nav/config/route_scan_localizer.yaml,빠킹,79d25b045c0e7c4f46ec8419166e203b5e2f26a4,xycar_ws/src/xycar_parking_nav/config/route_scan_localizer.yaml,3e890efbf422404782306dfeb7cea698f2e088bb8ad5ed5523d301a650240969
src/xycar_parking_nav/config/vesc_imu_odom.yaml,빠킹,79d25b045c0e7c4f46ec8419166e203b5e2f26a4,xycar_ws/src/xycar_parking_nav/config/vesc_imu_odom.yaml,641bdcf5debb6194f1d636504c6bd7deb2d2fc268dfba84c619630429bfcf187
src/xycar_parking_nav/config/waypoint_route.yaml,빠킹,79d25b045c0e7c4f46ec8419166e203b5e2f26a4,xycar_ws/src/xycar_parking_nav/config/waypoint_route.yaml,9340c2ef5d356c0ff0e64b2a648afc070efcd6c4bf5cbb0d415f809e9ca6b345
src/xycar_parking_nav/docs/DESIGN_KO.md,빠킹,79d25b045c0e7c4f46ec8419166e203b5e2f26a4,xycar_ws/src/xycar_parking_nav/docs/DESIGN_KO.md,d9c0aa2e090a1b11d588dd046ed892aa2c36361803ee2a1c9398320c5e78da05
src/xycar_parking_nav/launch/parking_navigation.launch.py,빠킹,79d25b045c0e7c4f46ec8419166e203b5e2f26a4,xycar_ws/src/xycar_parking_nav/launch/parking_navigation.launch.py,c999bb8675866bcac363af324b4ad19f84834412bb9d532b7c25b3251bd8e900
src/xycar_parking_nav/launch/parking_real.launch.py,빠킹,79d25b045c0e7c4f46ec8419166e203b5e2f26a4,xycar_ws/src/xycar_parking_nav/launch/parking_real.launch.py,0d55150e273daca2b39159930a4a2e9c19e2091005918f47436e9775c72deb81
src/xycar_parking_nav/launch/parking_sim.launch.py,빠킹,79d25b045c0e7c4f46ec8419166e203b5e2f26a4,xycar_ws/src/xycar_parking_nav/launch/parking_sim.launch.py,96bf8c49130cb7b27834dfb02cd9af1d85c646b42eac8316b20a5cc57dd6877b
src/xycar_parking_nav/launch/parking_waypoint_capture.launch.py,빠킹,79d25b045c0e7c4f46ec8419166e203b5e2f26a4,xycar_ws/src/xycar_parking_nav/launch/parking_waypoint_capture.launch.py,cbcb60f886fc539e1d45d4e0a8a03733bb63e2d4ee27983da7652f9cf1ea45de
src/xycar_parking_nav/launch/parking_waypoint_drive.launch.py,빠킹,79d25b045c0e7c4f46ec8419166e203b5e2f26a4,xycar_ws/src/xycar_parking_nav/launch/parking_waypoint_drive.launch.py,8ab480dcdf8a644e3d4a1461b6b3dbd097e9133881249bc43bddf3b1c514e1d1
src/xycar_parking_nav/maps/parking_map.pgm,빠킹,79d25b045c0e7c4f46ec8419166e203b5e2f26a4,xycar_ws/src/xycar_parking_nav/maps/parking_map.pgm,5902987ad9a56c757c120b3d54d72fb1fb45b7d6806fd5b77b7c32f3a8da1cf4
src/xycar_parking_nav/maps/parking_map.yaml,빠킹,79d25b045c0e7c4f46ec8419166e203b5e2f26a4,xycar_ws/src/xycar_parking_nav/maps/parking_map.yaml,7b5f04080ee9222ffb3c32b4e6321417d9ce7e8d53c3b52c0858873e20d5ccfd
src/xycar_parking_nav/maps/parking_map_original.yaml,빠킹,79d25b045c0e7c4f46ec8419166e203b5e2f26a4,xycar_ws/src/xycar_parking_nav/maps/parking_map_original.yaml,53d7467f8d46fa0d3f5df6cfe64c5489e39035104c8e3c3bcdbef54adbf28d8f
src/xycar_parking_nav/package.xml,빠킹,79d25b045c0e7c4f46ec8419166e203b5e2f26a4,xycar_ws/src/xycar_parking_nav/package.xml,533fdf1d95cc9aa5e9576a8023df0afba92c785cf6c784e53914151667d2772d
src/xycar_parking_nav/README.md,빠킹,79d25b045c0e7c4f46ec8419166e203b5e2f26a4,xycar_ws/src/xycar_parking_nav/README.md,0d045f18bfde0cabd20eed1b17e5e130713577bd699921eb9278f683480c43ab
src/xycar_parking_nav/resource/xycar_parking_nav,빠킹,79d25b045c0e7c4f46ec8419166e203b5e2f26a4,xycar_ws/src/xycar_parking_nav/resource/xycar_parking_nav,7eb70257593da06f682a3ddda54a9d260d4fc514f645237f5ca74b08f8da61a6
src/xycar_parking_nav/rviz/parking_nav.rviz,빠킹,79d25b045c0e7c4f46ec8419166e203b5e2f26a4,xycar_ws/src/xycar_parking_nav/rviz/parking_nav.rviz,6cb808d1014fee740eb3df6e085a065f6b01560e6d6b6cbc2a4ef5c9b09ccafc
src/xycar_parking_nav/scripts/plan_mission_offline.py,빠킹,79d25b045c0e7c4f46ec8419166e203b5e2f26a4,xycar_ws/src/xycar_parking_nav/scripts/plan_mission_offline.py,947aa3a58082b8fc7d4df085cbfe92289b31d348fb77a2f9a678dd1efd655fb5
src/xycar_parking_nav/setup.cfg,빠킹,79d25b045c0e7c4f46ec8419166e203b5e2f26a4,xycar_ws/src/xycar_parking_nav/setup.cfg,03cca508c6bcfacc9056084cf34e425d1f869502087b875e40601f5fbc84c5c6
src/xycar_parking_nav/setup.py,빠킹,79d25b045c0e7c4f46ec8419166e203b5e2f26a4,xycar_ws/src/xycar_parking_nav/setup.py,1c3a7cb5ada42f86a5f1ab0bfe3ee7624ded16cb17f78df95c1ae8ea0c501469
src/xycar_parking_nav/test/test_cmd_vel_adapter_helpers.py,빠킹,79d25b045c0e7c4f46ec8419166e203b5e2f26a4,xycar_ws/src/xycar_parking_nav/test/test_cmd_vel_adapter_helpers.py,d7f696b40fd5c0e9b613ae91c3768ef2bc946baf4f44ccb250a622c59e19c2bf
src/xycar_parking_nav/test/test_command_core.py,빠킹,79d25b045c0e7c4f46ec8419166e203b5e2f26a4,xycar_ws/src/xycar_parking_nav/test/test_command_core.py,33f5fc6a582ba9a7119a182b31a53c633954614b7c044e5c516fd85d85826574
src/xycar_parking_nav/test/test_grid_planner.py,빠킹,79d25b045c0e7c4f46ec8419166e203b5e2f26a4,xycar_ws/src/xycar_parking_nav/test/test_grid_planner.py,d84aeddc61ce903568f481e792666dc0a642e376b7a9dfb11e5e3c9bca2e9741
src/xycar_parking_nav/test/test_hybrid_astar_core.py,빠킹,79d25b045c0e7c4f46ec8419166e203b5e2f26a4,xycar_ws/src/xycar_parking_nav/test/test_hybrid_astar_core.py,f9dc4e286a5fa4949c6175e52afd445889ee5500899a5e87ee0f7b537454d0e7
src/xycar_parking_nav/test/test_mission_core.py,빠킹,79d25b045c0e7c4f46ec8419166e203b5e2f26a4,xycar_ws/src/xycar_parking_nav/test/test_mission_core.py,13415888ea3ed57c05f1253486e6aa73f2726fb06b44a17decca45180c1d441d
src/xycar_parking_nav/test/test_parking_keyboard_core.py,빠킹,79d25b045c0e7c4f46ec8419166e203b5e2f26a4,xycar_ws/src/xycar_parking_nav/test/test_parking_keyboard_core.py,8c459f4a785ef39ea34a7a2a02e4a40c10007d73b8f3ec3e7b29ae5d2c68772b
src/xycar_parking_nav/test/test_parking_map.py,빠킹,79d25b045c0e7c4f46ec8419166e203b5e2f26a4,xycar_ws/src/xycar_parking_nav/test/test_parking_map.py,07a03b43b2673e0675a21121f689f1aff19c074d3fb5d2c0fe91622500daef32
src/xycar_parking_nav/test/test_preflight_core.py,빠킹,79d25b045c0e7c4f46ec8419166e203b5e2f26a4,xycar_ws/src/xycar_parking_nav/test/test_preflight_core.py,29720c4d9c2d8575779bc1366b9b571a4727c009911e0bf9925b73f90edbaeb3
src/xycar_parking_nav/test/test_route_scan_matching.py,빠킹,79d25b045c0e7c4f46ec8419166e203b5e2f26a4,xycar_ws/src/xycar_parking_nav/test/test_route_scan_matching.py,4195ae52208129cf7d4f29d4da4a1d70d2929e4a35c209e165e0ece74fc46f59
src/xycar_parking_nav/test/test_runtime_contract.py,빠킹,79d25b045c0e7c4f46ec8419166e203b5e2f26a4,xycar_ws/src/xycar_parking_nav/test/test_runtime_contract.py,3009eb14df6585e55cdc76bf74518983327c6a4fb07b11e2b0634bc7a7b9f226
src/xycar_parking_nav/test/test_scan_filter_core.py,빠킹,79d25b045c0e7c4f46ec8419166e203b5e2f26a4,xycar_ws/src/xycar_parking_nav/test/test_scan_filter_core.py,1d98efa17aa2cd71aed84ccc1ea8cd78b87c1836ff8814a3afb82688045ba801
src/xycar_parking_nav/test/test_sim_core.py,빠킹,79d25b045c0e7c4f46ec8419166e203b5e2f26a4,xycar_ws/src/xycar_parking_nav/test/test_sim_core.py,e85098dcfa16aa0c63b9f3c457b0479d6c4897d528c4046e34f05b37abcb7c4d
src/xycar_parking_nav/test/test_vesc_imu_odom_core.py,빠킹,79d25b045c0e7c4f46ec8419166e203b5e2f26a4,xycar_ws/src/xycar_parking_nav/test/test_vesc_imu_odom_core.py,21382791cce52dad4bf1abc43913576e507bc04fc1ff75b9cd248dd95a97c0b3
src/xycar_parking_nav/test/test_waypoint_route_core.py,빠킹,79d25b045c0e7c4f46ec8419166e203b5e2f26a4,xycar_ws/src/xycar_parking_nav/test/test_waypoint_route_core.py,6d9f854b936a36d8390d25a2efe3b210a8560a3d33cc7929c175e0be42a599e9
src/xycar_parking_nav/xycar_parking_nav/__init__.py,빠킹,79d25b045c0e7c4f46ec8419166e203b5e2f26a4,xycar_ws/src/xycar_parking_nav/xycar_parking_nav/__init__.py,9ffe7c89b24c37bfd4a9f2796fc5442c0c1ae7b0d7e621c872b8af8193c063af
src/xycar_parking_nav/xycar_parking_nav/cmd_vel_adapter.py,빠킹,79d25b045c0e7c4f46ec8419166e203b5e2f26a4,xycar_ws/src/xycar_parking_nav/xycar_parking_nav/cmd_vel_adapter.py,6997dc95d1091bd84746aba0688f44e7b80a3ab13f01ca7ea5eba0139756b2b1
src/xycar_parking_nav/xycar_parking_nav/command_core.py,빠킹,79d25b045c0e7c4f46ec8419166e203b5e2f26a4,xycar_ws/src/xycar_parking_nav/xycar_parking_nav/command_core.py,7170544914c3c7d804abe6e9222e05d53e3f9a60124e00708449f6374cd338a2
src/xycar_parking_nav/xycar_parking_nav/grid_planner.py,빠킹,79d25b045c0e7c4f46ec8419166e203b5e2f26a4,xycar_ws/src/xycar_parking_nav/xycar_parking_nav/grid_planner.py,3a2404798600bee9b503a8ae976f4f72c825d06531c3d12da9481d25e4b4637e
src/xycar_parking_nav/xycar_parking_nav/hybrid_astar_core.py,빠킹,79d25b045c0e7c4f46ec8419166e203b5e2f26a4,xycar_ws/src/xycar_parking_nav/xycar_parking_nav/hybrid_astar_core.py,de2937c682ea79d968b3607b9b148fd0e301d65cb3bbe356ab47648c2250cf40
src/xycar_parking_nav/xycar_parking_nav/map_core.py,빠킹,79d25b045c0e7c4f46ec8419166e203b5e2f26a4,xycar_ws/src/xycar_parking_nav/xycar_parking_nav/map_core.py,c42a4dd084aaa4ed58b1ca77ec961697c43ed30544859cf22a7ec5dc2aebecfb
src/xycar_parking_nav/xycar_parking_nav/mission_core.py,빠킹,79d25b045c0e7c4f46ec8419166e203b5e2f26a4,xycar_ws/src/xycar_parking_nav/xycar_parking_nav/mission_core.py,59bcb5ed9031b24171446722aae116ddecd154d85503120849e0e7061f640eef
src/xycar_parking_nav/xycar_parking_nav/mission_manager.py,빠킹,79d25b045c0e7c4f46ec8419166e203b5e2f26a4,xycar_ws/src/xycar_parking_nav/xycar_parking_nav/mission_manager.py,d1ab8b1975b7413d88223763a691ca4f52ec1e0520344579e1bd7168f3e5f5b7
src/xycar_parking_nav/xycar_parking_nav/parking_keyboard_control.py,빠킹,79d25b045c0e7c4f46ec8419166e203b5e2f26a4,xycar_ws/src/xycar_parking_nav/xycar_parking_nav/parking_keyboard_control.py,60d3185773f2dd56a1572d3cd443586d173f56f8b628bd8c64fa6333ff72a697
src/xycar_parking_nav/xycar_parking_nav/parking_keyboard_core.py,빠킹,79d25b045c0e7c4f46ec8419166e203b5e2f26a4,xycar_ws/src/xycar_parking_nav/xycar_parking_nav/parking_keyboard_core.py,1fac488b720dacc9a6bdfa6e219502a898c64725daecb7f1301032dffbc9c73a
src/xycar_parking_nav/xycar_parking_nav/parking_preflight.py,빠킹,79d25b045c0e7c4f46ec8419166e203b5e2f26a4,xycar_ws/src/xycar_parking_nav/xycar_parking_nav/parking_preflight.py,21c512a96bf52103bc4075cba1fa0d1d0e63c7dca16a182d75237313d37abb19
src/xycar_parking_nav/xycar_parking_nav/parking_simulator.py,빠킹,79d25b045c0e7c4f46ec8419166e203b5e2f26a4,xycar_ws/src/xycar_parking_nav/xycar_parking_nav/parking_simulator.py,10cb46cf90733f5965186242f51871f4227a225cfefff1ec9c174b672a059e4b
src/xycar_parking_nav/xycar_parking_nav/preflight_core.py,빠킹,79d25b045c0e7c4f46ec8419166e203b5e2f26a4,xycar_ws/src/xycar_parking_nav/xycar_parking_nav/preflight_core.py,cd57d4f53c8416612133800cffea76b2feb8c730cf719f65b4f82e9a5ca9f1f9
src/xycar_parking_nav/xycar_parking_nav/route_localization_core.py,빠킹,79d25b045c0e7c4f46ec8419166e203b5e2f26a4,xycar_ws/src/xycar_parking_nav/xycar_parking_nav/route_localization_core.py,650218b6f6876788510ba1832a8896a5d6cb333f9ff1771d1ab0713ad9eb63b0
src/xycar_parking_nav/xycar_parking_nav/route_scan_localizer.py,빠킹,79d25b045c0e7c4f46ec8419166e203b5e2f26a4,xycar_ws/src/xycar_parking_nav/xycar_parking_nav/route_scan_localizer.py,03b8504e8318fcdded627809ebddd051af5e57d0a5b2fcdddacf8c003e1693a0
src/xycar_parking_nav/xycar_parking_nav/route_scan_matching.py,빠킹,79d25b045c0e7c4f46ec8419166e203b5e2f26a4,xycar_ws/src/xycar_parking_nav/xycar_parking_nav/route_scan_matching.py,49af352f9dc5ce0dbbe430dcd41374a88ed7ed0cd1eaad1bff0a8605fa1b24d7
src/xycar_parking_nav/xycar_parking_nav/scan_filter_core.py,빠킹,79d25b045c0e7c4f46ec8419166e203b5e2f26a4,xycar_ws/src/xycar_parking_nav/xycar_parking_nav/scan_filter_core.py,37c203c6859dafd9151b9f095ea3d3555f79c1e024a90ce48f958cee76a229bd
src/xycar_parking_nav/xycar_parking_nav/scan_filter_node.py,빠킹,79d25b045c0e7c4f46ec8419166e203b5e2f26a4,xycar_ws/src/xycar_parking_nav/xycar_parking_nav/scan_filter_node.py,debcda73c8e76ce91a4200d1d1d6eeb067d19a9aa0a2b2b5d4e372e920bb68dd
src/xycar_parking_nav/xycar_parking_nav/sim_core.py,빠킹,79d25b045c0e7c4f46ec8419166e203b5e2f26a4,xycar_ws/src/xycar_parking_nav/xycar_parking_nav/sim_core.py,00d07d3513f783fb52d27d1cd4a6af610fe2fc08acde54ce4c8a05270e3e7400
src/xycar_parking_nav/xycar_parking_nav/validate_map.py,빠킹,79d25b045c0e7c4f46ec8419166e203b5e2f26a4,xycar_ws/src/xycar_parking_nav/xycar_parking_nav/validate_map.py,a276ef6d29a5e25ed497cf20d1c3e437d298a9c5cdf369e326e3872631d23665
src/xycar_parking_nav/xycar_parking_nav/vesc_imu_odom_core.py,빠킹,79d25b045c0e7c4f46ec8419166e203b5e2f26a4,xycar_ws/src/xycar_parking_nav/xycar_parking_nav/vesc_imu_odom_core.py,6f97e9a7fad0eb64d23b7873005352df9aeecee9c2a96af045c0dc52b51b2034
src/xycar_parking_nav/xycar_parking_nav/vesc_imu_odom_node.py,빠킹,79d25b045c0e7c4f46ec8419166e203b5e2f26a4,xycar_ws/src/xycar_parking_nav/xycar_parking_nav/vesc_imu_odom_node.py,a14923a58f6b7ef1465820508ea63c85c1db2099a8ee3528cb21f8dc5ddc2c3f
src/xycar_parking_nav/xycar_parking_nav/waypoint_route_core.py,빠킹,79d25b045c0e7c4f46ec8419166e203b5e2f26a4,xycar_ws/src/xycar_parking_nav/xycar_parking_nav/waypoint_route_core.py,690b0185562ccbd8ec191181cc96880c28e131c1c4ede390e1f323173196f4b6
src/xycar_parking_nav/xycar_parking_nav/waypoint_route_manager.py,빠킹,79d25b045c0e7c4f46ec8419166e203b5e2f26a4,xycar_ws/src/xycar_parking_nav/xycar_parking_nav/waypoint_route_manager.py,705198fee0f0e24b389e6895a608726b602b821e84c83ef2c19318821212eccd
